{"stats":{"minecraft:picked_up":{"born_in_chaos_v1:corpse_maggot":2,"alexsmobs:animal_dictionary":3},"minecraft:used":{"minecraft:stone_bricks":18,"minecraft:water_bucket":24,"minecraft:sea_lantern":22,"minecraft:wooden_sword":4,"minecraft:sand":19,"minecraft:quartz_pillar":69,"minecraft:quartz_slab":74,"minecraft:iron_block":14,"minecraft:grass_block":72,"minecraft:white_stained_glass_pane":24,"minecraft:white_stained_glass":21,"minecraft:quartz_block":5,"minecraft:polished_diorite_slab":24,"minecraft:chiseled_quartz_block":34,"minecraft:shield":2,"minecraft:cooked_beef":1,"minecraft:stone":35,"minecraft:stone_brick_wall":13,"minecraft:beacon":3,"minecraft:bone_meal":16,"minecraft:wooden_shovel":1,"minecraft:polished_diorite":63,"minecraft:diorite_wall":48,"minecraft:quartz_stairs":72},"minecraft:dropped":{"alexsmobs:animal_dictionary":3},"minecraft:custom":{"minecraft:time_since_rest":53701,"minecraft:crouch_one_cm":8201,"minecraft:play_time":53701,"minecraft:sprint_one_cm":14485,"minecraft:damage_taken":287,"minecraft:walk_one_cm":44604,"minecraft:damage_blocked_by_shield":40,"minecraft:sneak_time":3593,"minecraft:walk_under_water_one_cm":3067,"minecraft:drop":3,"minecraft:jump":123,"minecraft:damage_dealt":220,"minecraft:interact_with_beacon":5,"minecraft:walk_on_water_one_cm":776,"minecraft:time_since_death":53701,"minecraft:total_world_time":53701,"minecraft:fall_one_cm":2743,"minecraft:fly_one_cm":125007}},"DataVersion":3465}