{"stats":{"minecraft:picked_up":{"alexsmobs:animal_dictionary":1},"minecraft:used":{"minecraft:stone_bricks":18,"minecraft:sea_lantern":11,"minecraft:sand":4,"minecraft:quartz_pillar":69,"minecraft:quartz_slab":47,"minecraft:grass_block":2,"minecraft:quartz_block":5,"minecraft:chiseled_quartz_block":17,"minecraft:stone":35,"minecraft:stone_brick_wall":13,"minecraft:polished_diorite":29,"minecraft:diorite_wall":48,"minecraft:quartz_stairs":47},"minecraft:dropped":{"alexsmobs:animal_dictionary":1},"minecraft:custom":{"minecraft:time_since_rest":17701,"minecraft:crouch_one_cm":5347,"minecraft:play_time":17701,"minecraft:sprint_one_cm":5903,"minecraft:walk_one_cm":14253,"minecraft:sneak_time":1747,"minecraft:drop":1,"minecraft:jump":44,"minecraft:time_since_death":17701,"minecraft:total_world_time":17701,"minecraft:fly_one_cm":23350}},"DataVersion":3465}