{"stats":{"minecraft:picked_up":{"alexsmobs:animal_dictionary":1},"minecraft:used":{"minecraft:stone_bricks":18,"minecraft:water_bucket":24,"minecraft:sea_lantern":21,"minecraft:sand":8,"minecraft:quartz_pillar":69,"minecraft:quartz_slab":74,"minecraft:grass_block":54,"minecraft:white_stained_glass_pane":24,"minecraft:white_stained_glass":21,"minecraft:quartz_block":5,"minecraft:polished_diorite_slab":24,"minecraft:chiseled_quartz_block":34,"minecraft:stone":35,"minecraft:stone_brick_wall":13,"minecraft:polished_diorite":63,"minecraft:diorite_wall":48,"minecraft:quartz_stairs":72},"minecraft:dropped":{"alexsmobs:animal_dictionary":1},"minecraft:custom":{"minecraft:time_since_rest":29701,"minecraft:crouch_one_cm":7935,"minecraft:play_time":29701,"minecraft:sprint_one_cm":11367,"minecraft:walk_one_cm":31552,"minecraft:sneak_time":2773,"minecraft:drop":1,"minecraft:jump":76,"minecraft:walk_on_water_one_cm":3,"minecraft:time_since_death":29701,"minecraft:total_world_time":29701,"minecraft:fly_one_cm":57365}},"DataVersion":3465}