{"stats":{"minecraft:used":{"minecraft:stone_bricks":18,"minecraft:quartz_block":5,"minecraft:stone_brick_wall":13,"minecraft:sea_lantern":5,"minecraft:stone":35,"minecraft:sand":4,"minecraft:quartz_pillar":33,"minecraft:quartz_slab":26,"minecraft:grass_block":2},"minecraft:custom":{"minecraft:jump":25,"minecraft:time_since_rest":5701,"minecraft:crouch_one_cm":2729,"minecraft:sprint_one_cm":3262,"minecraft:play_time":5701,"minecraft:time_since_death":5701,"minecraft:walk_one_cm":8752,"minecraft:sneak_time":770,"minecraft:total_world_time":5701,"minecraft:fly_one_cm":19150}},"DataVersion":3465}