{"stats":{"minecraft:picked_up":{"born_in_chaos_v1:corpse_maggot":2,"minecraft:golden_pickaxe":1,"minecraft:golden_sword":1,"minecraft:golden_chestplate":1,"alexsmobs:animal_dictionary":4,"artifacts:cowboy_hat":1,"minecraft:golden_hoe":1,"tombstone:tablet_of_recall":1,"minecraft:glistering_melon_slice":11},"minecraft:used":{"minecraft:water_bucket":24,"minecraft:sea_lantern":24,"minecraft:quartz_pillar":69,"minecraft:quartz_slab":74,"minecraft:iron_block":61,"minecraft:grass_block":74,"minecraft:quartz_block":5,"minecraft:polished_diorite_slab":24,"minecraft:chest":1,"minecraft:shield":2,"minecraft:stone":35,"minecraft:diorite_wall":48,"minecraft:beacon":5,"minecraft:quartz_stairs":72,"minecraft:wooden_shovel":1,"minecraft:stone_bricks":18,"minecraft:wooden_sword":4,"minecraft:sand":29,"minecraft:white_stained_glass_pane":24,"minecraft:white_stained_glass":21,"minecraft:chiseled_quartz_block":34,"alexsmobs:animal_dictionary":2,"minecraft:stone_brick_wall":13,"minecraft:cooked_beef":1,"minecraft:bone_meal":16,"minecraft:polished_diorite":63},"minecraft:dropped":{"alexsmobs:animal_dictionary":4},"minecraft:custom":{"minecraft:time_since_rest":66211,"minecraft:sprint_one_cm":17632,"minecraft:damage_taken":287,"minecraft:walk_one_cm":49917,"minecraft:damage_blocked_by_shield":40,"minecraft:drop":4,"minecraft:damage_dealt":220,"minecraft:interact_with_beacon":6,"minecraft:fly_one_cm":148926,"minecraft:open_chest":2,"minecraft:crouch_one_cm":8537,"minecraft:play_time":66211,"minecraft:sneak_time":4550,"minecraft:walk_under_water_one_cm":5422,"minecraft:jump":157,"minecraft:leave_game":2,"minecraft:walk_on_water_one_cm":1981,"minecraft:time_since_death":66211,"minecraft:total_world_time":66211,"minecraft:fall_one_cm":2743}},"DataVersion":3465}